1,Ali,Khan,Lahore,Punjab,54000,Admin,2023-03-15,35201-1234567-1,1990-07-12
2,Ayesha,Malik,Karachi,Sindh,74000,Operator,2022-06-20,42101-9876543-2,1995-04-10
3,Usman,Ahmed,Islamabad,ICT,44000,Traveler,2021-11-05,61101-4567891-3,1992-09-03
4,Fatima,Saeed,Multan,Punjab,60000,Traveler,2023-01-17,35102-1111222-4,1996-12-25
5,Zain,Raza,Rawalpindi,Punjab,46000,Admin,2023-08-08,37406-2222333-5,1989-05-30
6,Hassan,Ali,Peshawar,KPK,25000,Operator,2024-01-10,17301-4444555-6,1993-03-15
7,Maham,Iqbal,Faisalabad,Punjab,38000,Traveler,2022-09-25,33100-5555666-7,1997-08-21
8,Bilal,Sheikh,Quetta,Balochistan,87300,Admin,2022-04-14,54301-7777888-8,1991-10-18
9,Sarah,Hussain,Hyderabad,Sindh,71000,Traveler,2023-05-28,42201-6666777-9,1994-06-07
10,Imran,Farooq,Sialkot,Punjab,51310,Operator,2023-02-12,34503-9999000-0,1988-11-11
11,John,Smith,London,England,EC1A1BB,Admin,2023-04-01,12345-6789012-1,1987-01-01
12,Emily,Clark,New York,NY,10001,Operator,2023-04-02,23456-7890123-2,1990-05-12
13,Michael,Brown,Chicago,IL,60601,Traveler,2023-04-03,34567-8901234-3,1992-08-14
14,Emma,Davis,Toronto,Ontario,M5H2N2,Traveler,2023-04-04,45678-9012345-4,1991-09-25
15,David,Wilson,Sydney,NSW,2000,Admin,2023-04-05,56789-0123456-5,1985-03-22
16,Olivia,Moore,Melbourne,VIC,3000,Operator,2023-04-06,67890-1234567-6,1993-07-30
17,James,Taylor,Auckland,NZ,1010,Traveler,2023-04-07,78901-2345678-7,1994-12-12
18,Sophia,Anderson,Dublin,Leinster,D02,Admin,2023-04-08,89012-3456789-8,1996-10-10
19,Daniel,Lee,Vancouver,BC,V5K0A1,Traveler,2023-04-09,90123-4567890-9,1995-06-18
20,Grace,Martin,Manchester,England,M11AE,Operator,2023-04-10,01234-5678901-0,1991-04-04
21,Ali,Raza,Lahore,Punjab,54000,Traveler,2023-05-01,35201-1234567-1,1992-01-01
22,Sana,Khan,Karachi,Sindh,74000,Operator,2023-05-02,42101-2345678-2,1995-06-15
23,Hamza,Ali,Islamabad,Capital,44000,Admin,2023-05-03,61101-3456789-3,1990-11-20
24,Ayesha,Iqbal,Rawalpindi,Punjab,46000,Traveler,2023-05-04,37401-4567890-4,1998-03-30
25,Bilal,Ahmed,Faisalabad,Punjab,38000,Traveler,2023-05-05,33102-5678901-5,1994-07-09
26,Fatima,Zahid,Multan,Punjab,60000,Operator,2023-05-06,38401-6789012-6,1997-12-12
27,Zain,Shah,Gujranwala,Punjab,52250,Traveler,2023-05-07,34101-7890123-7,1993-04-18
28,Mahnoor,Yousaf,Hyderabad,Sindh,71000,Admin,2023-05-08,41201-8901234-8,1991-02-22
29,Usman,Khalid,Peshawar,KPK,25000,Traveler,2023-05-09,16101-9012345-9,1996-09-29
30,Hira,Nadeem,Sialkot,Punjab,51310,Operator,2023-05-10,33202-0123456-0,1999-08-08
31,Imran,Qureshi,Bahawalpur,Punjab,63100,Admin,2023-06-01,31304-1234567-1,1989-04-05
32,Nida,Anwar,Sargodha,Punjab,40100,Traveler,2023-06-02,33201-2345678-2,1995-11-19
33,Waqas,Mir,Quetta,Balochistan,87300,Traveler,2023-06-03,54401-3456789-3,1992-12-01
34,Areeba,Saleem,Abbottabad,KPK,22010,Operator,2023-06-04,17201-4567890-4,1997-01-17
35,Hassan,Bukhari,Sahiwal,Punjab,57000,Admin,2023-06-05,35202-5678901-5,1993-07-23
36,Mehwish,Amin,Rahim Yar Khan,Punjab,64200,Traveler,2023-06-06,31303-6789012-6,1996-03-12
37,Kashif,Rana,Mardan,KPK,23200,Operator,2023-06-07,17101-7890123-7,1990-06-29
38,Hiba,Murtaza,Dera Ghazi Khan,Punjab,32200,Traveler,2023-06-08,31101-8901234-8,1998-02-02
39,Omer,Asad,Sheikhupura,Punjab,39350,Traveler,2023-06-09,35102-9012345-9,1991-08-21
40,Zoya,Ali,Okara,Punjab,56300,Operator,2023-06-10,33301-0123456-0,1994-05-06
41,Bilal,Naseer,Jhelum,Punjab,49600,Admin,2023-06-11,37401-1234567-1,1988-12-15
42,Sana,Haroon,Tando Adam,Sindh,68020,Traveler,2023-06-12,45103-2345678-2,1993-09-07
43,Rashid,Iqbal,Khairpur,Sindh,66020,Traveler,2023-06-13,43201-3456789-3,1990-01-18
44,Maham,Zahid,Chakwal,Punjab,48800,Operator,2023-06-14,37201-4567890-4,1997-04-10
45,Arsalan,Farooq,Sukkur,Sindh,65200,Admin,2023-06-15,44102-5678901-5,1989-03-03
46,Iqra,Sultan,Gujrat,Punjab,50700,Traveler,2023-06-16,34201-6789012-6,1995-06-12
47,Faizan,Ahmed,Khanewal,Punjab,58150,Operator,2023-06-17,36102-7890123-7,1991-10-28
48,Aiman,Khalid,Muzaffargarh,Punjab,34200,Traveler,2023-06-18,33104-8901234-8,1996-02-22
49,Rameez,Shahid,Layyah,Punjab,31200,Traveler,2023-06-19,32101-9012345-9,1987-11-11
50,Hira,Jameel,Kasur,Punjab,55050,Operator,2023-06-20,35103-0123456-0,1994-07-25
51,Talha,Rafiq,Mingora,KPK,19200,Traveler,2023-06-21,16101-1234567-1,1995-03-12
52,Zara,Naveed,Kohat,KPK,26000,Traveler,2023-06-22,15102-2345678-2,1996-04-14
53,Shahid,Mehmood,Nowshera,KPK,24110,Traveler,2023-06-23,14103-3456789-3,1988-06-09
54,Amna,Latif,Okara,Punjab,56300,Traveler,2023-06-24,33102-4567890-4,1994-07-21
55,Hamza,Shahbaz,Dera Ghazi Khan,Punjab,32200,Traveler,2023-06-25,30101-5678901-5,1992-08-13
56,Kiran,Yousuf,Sahiwal,Punjab,57000,Traveler,2023-06-26,34103-6789012-6,1998-01-30
57,Sameer,Iqbal,Chiniot,Punjab,35400,Traveler,2023-06-27,33101-7890123-7,1993-11-17
58,Mehwish,Saleem,Narowal,Punjab,51600,Traveler,2023-06-28,35101-8901234-8,1999-02-25
59,Asim,Rehman,Larkana,Sindh,77150,Traveler,2023-06-29,43101-9012345-9,1986-12-07
60,Fatima,Mir,Turbat,Balochistan,92600,Traveler,2023-06-30,71101-0123456-0,1997-05-05
61,Saif,Ali,Bannu,KPK,28100,Traveler,2023-07-01,17102-1234567-1,1991-09-11
62,Hina,Manzoor,Attock,Punjab,43600,Traveler,2023-07-02,37103-2345678-2,1990-10-23
63,Rizwan,Asghar,Bhakkar,Punjab,30000,Traveler,2023-07-03,32103-3456789-3,1993-03-15
64,Neha,Tariq,Shikarpur,Sindh,78100,Traveler,2023-07-04,43103-4567890-4,1996-12-29
65,Hassan,Rafiq,Zhob,Balochistan,85200,Traveler,2023-07-05,72101-5678901-5,1992-06-01
66,Sumbal,Akram,Jhang,Punjab,35200,Traveler,2023-07-06,34104-6789012-6,1997-01-10
67,Zeeshan,Rashid,Kambar,Sindh,77200,Traveler,2023-07-07,43102-7890123-7,1989-08-20
68,Areeba,Junaid,Dadu,Sindh,76200,Traveler,2023-07-08,42104-8901234-8,1998-09-03
69,Fahad,Khalil,Hafizabad,Punjab,52110,Operator,2023-07-09,35104-9012345-9,1990-05-06
70,Laiba,Amin,Mardan,KPK,23200,Operator,2023-07-10,16104-0123456-0,1994-11-09
